feature,Estimate_group,pvalue,fdr,sign_group,method,vs,fold_change,log2FC
k__Bacteria;__;__;__;__;__;__,Group,0.4939,0.9426,IBS_before,Wilcoxon rank sum exact test,IBS_before vs UC_before,3.5759,1.8383
k__Bacteria;p__Firmicutes;c__Clostridia;o__Clostridiales;f__Veillonellaceae;g__Megamonas;s__,Group,0.4593,0.9119,IBS_before,Wilcoxon rank sum exact test,IBS_before vs UC_before,3.4016,1.7662
k__Bacteria;p__Firmicutes;c__Clostridia;o__Clostridiales;f__Ruminococcaceae;g__;s__,Group,0.0485,0.4566,IBS_before,Wilcoxon rank sum exact test,IBS_before vs UC_before,2.6997,1.4328
k__Bacteria;p__Firmicutes;c__Clostridia;o__Clostridiales;f__Lachnospiraceae;__;__,Group,0.1698,0.5784,IBS_before,Wilcoxon rank sum exact test,IBS_before vs UC_before,1.3768,0.4613
k__Bacteria;p__Bacteroidetes;c__Bacteroidia;o__Bacteroidales;f__Bacteroidaceae;g__Bacteroides;s__,Group,0.1535,0.5685,UC_before,Wilcoxon rank sum exact test,IBS_before vs UC_before,0.7954,-0.3302
k__Bacteria;p__Firmicutes;c__Erysipelotrichi;o__Erysipelotrichales;f__Erysipelotrichaceae;g__[Eubacterium];s__dolichum,Group,0.6481,0.9806,UC_before,Wilcoxon rank sum exact test,IBS_before vs UC_before,0.2982,-1.7458
k__Bacteria;p__Firmicutes;c__Clostridia;o__Clostridiales;f__[Mogibacteriaceae];g__;s__,Group,0.4175,0.8938,IBS_before,Wilcoxon rank sum exact test,IBS_before vs UC_before,1.3542,0.4374
k__Bacteria;p__Firmicutes;c__Erysipelotrichi;o__Erysipelotrichales;f__Erysipelotrichaceae;g__Clostridium;s__ramosum,Group,0.7508,0.9806,UC_before,Wilcoxon rank sum exact test,IBS_before vs UC_before,0.5701,-0.8107
k__Bacteria;p__Firmicutes;c__Clostridia;o__Clostridiales;f__Ruminococcaceae;g__Faecalibacterium;s__prausnitzii,Group,0.8461,0.9806,UC_before,Wilcoxon rank sum exact test,IBS_before vs UC_before,0.8657,-0.208
k__Bacteria;p__Firmicutes;c__Clostridia;o__Clostridiales;__;__;__,Group,0.005,0.4566,IBS_before,Wilcoxon rank sum exact test,IBS_before vs UC_before,2.0678,1.0481
k__Bacteria;p__Firmicutes;c__Bacilli;o__Lactobacillales;f__Leuconostocaceae;g__Weissella;__,Group,0.5667,0.9755,IBS_before,Wilcoxon rank sum exact test,IBS_before vs UC_before,1.9291,0.9479
k__Bacteria;p__Firmicutes;c__Clostridia;o__Clostridiales;f__Lachnospiraceae;g__[Ruminococcus];s__gnavus,Group,0.7132,0.9806,IBS_before,Wilcoxon rank sum exact test,IBS_before vs UC_before,1.104,0.1428
k__Bacteria;p__Firmicutes;c__Bacilli;o__Lactobacillales;f__Streptococcaceae;g__Streptococcus;s__,Group,0.7395,0.9806,IBS_before,Wilcoxon rank sum exact test,IBS_before vs UC_before,1.3462,0.4289
k__Bacteria;p__Firmicutes;c__Clostridia;o__Clostridiales;f__;g__;s__,Group,0.2334,0.6505,IBS_before,Wilcoxon rank sum exact test,IBS_before vs UC_before,2.175,1.121
k__Bacteria;p__Bacteroidetes;c__Bacteroidia;o__Bacteroidales;f__Porphyromonadaceae;g__Parabacteroides;s__distasonis,Group,0.8517,0.9806,UC_before,Wilcoxon rank sum exact test,IBS_before vs UC_before,0.6261,-0.6755
k__Bacteria;p__Bacteroidetes;c__Bacteroidia;o__Bacteroidales;f__S24-7;g__;s__,Group,0.5811,0.9755,IBS_before,Wilcoxon rank sum exact test,IBS_before vs UC_before,1.127,0.1725
k__Bacteria;p__Actinobacteria;c__Actinobacteria;o__Bifidobacteriales;f__Bifidobacteriaceae;__;__,Group,0.4367,0.9064,UC_before,Wilcoxon rank sum exact test,IBS_before vs UC_before,0.3567,-1.487
k__Bacteria;p__Firmicutes;c__Clostridia;o__Clostridiales;f__Veillonellaceae;g__Phascolarctobacterium;s__,Group,0.0226,0.4566,IBS_before,Wilcoxon rank sum exact test,IBS_before vs UC_before,2.6634,1.4132
k__Bacteria;p__Firmicutes;c__Clostridia;o__Clostridiales;f__Ruminococcaceae;g__Gemmiger;s__formicilis,Group,0.0668,0.4566,IBS_before,Wilcoxon rank sum exact test,IBS_before vs UC_before,1.7514,0.8085
k__Bacteria;p__Proteobacteria;c__Gammaproteobacteria;o__Pasteurellales;f__Pasteurellaceae;__;__,Group,0.9695,0.9925,IBS_before,Wilcoxon rank sum exact test,IBS_before vs UC_before,1.1065,0.146
k__Bacteria;p__Firmicutes;c__Erysipelotrichi;o__Erysipelotrichales;f__Erysipelotrichaceae;g__Catenibacterium;s__,Group,0.1315,0.5459,IBS_before,Wilcoxon rank sum exact test,IBS_before vs UC_before,17.7516,4.1499
k__Bacteria;p__Firmicutes;c__Erysipelotrichi;o__Erysipelotrichales;f__Erysipelotrichaceae;g__;s__,Group,0.84,0.9806,UC_before,Wilcoxon rank sum exact test,IBS_before vs UC_before,0.7377,-0.4388
k__Bacteria;p__Firmicutes;c__Erysipelotrichi;o__Erysipelotrichales;f__Erysipelotrichaceae;g__Clostridium;s__spiroforme,Group,0.1764,0.5784,UC_before,Wilcoxon rank sum exact test,IBS_before vs UC_before,0.2172,-2.2031
k__Bacteria;p__Actinobacteria;c__Coriobacteriia;o__Coriobacteriales;f__Coriobacteriaceae;g__;s__,Group,0.4845,0.9426,UC_before,Wilcoxon rank sum exact test,IBS_before vs UC_before,0.6298,-0.667
k__Bacteria;p__Bacteroidetes;c__Bacteroidia;o__Bacteroidales;__;__;__,Group,0.2964,0.7251,UC_before,Wilcoxon rank sum exact test,IBS_before vs UC_before,0.1401,-2.8355
k__Bacteria;p__Proteobacteria;c__Gammaproteobacteria;o__Enterobacteriales;f__Enterobacteriaceae;__;__,Group,0.0271,0.4566,IBS_before,Wilcoxon rank sum exact test,IBS_before vs UC_before,1.8478,0.8858
k__Bacteria;p__Actinobacteria;c__Actinobacteria;o__Actinomycetales;f__Actinomycetaceae;g__Actinomyces;s__,Group,0.976,0.9925,UC_before,Wilcoxon rank sum exact test,IBS_before vs UC_before,0.7546,-0.4062
k__Bacteria;p__Actinobacteria;c__Actinobacteria;o__Actinomycetales;f__Micrococcaceae;g__Rothia;s__mucilaginosa,Group,0.1467,0.5581,UC_before,Wilcoxon rank sum exact test,IBS_before vs UC_before,0.5605,-0.8352
k__Bacteria;p__Actinobacteria;c__Actinobacteria;o__Bifidobacteriales;f__Bifidobacteriaceae;g__Bifidobacterium;s__,Group,0.6048,0.9755,UC_before,Wilcoxon rank sum exact test,IBS_before vs UC_before,0.5196,-0.9444
k__Bacteria;p__Firmicutes;c__Clostridia;o__Clostridiales;f__Lachnospiraceae;g__Coprococcus;s__,Group,0.1816,0.5784,UC_before,Wilcoxon rank sum exact test,IBS_before vs UC_before,0.6399,-0.6441
k__Bacteria;p__Firmicutes;c__Clostridia;o__Clostridiales;f__Ruminococcaceae;g__Ruminococcus;s__,Group,0.2303,0.6505,IBS_before,Wilcoxon rank sum exact test,IBS_before vs UC_before,1.7197,0.7822
k__Bacteria;p__Firmicutes;c__Clostridia;o__Clostridiales;f__Lachnospiraceae;g__Blautia;s__,Group,0.3604,0.8351,UC_before,Wilcoxon rank sum exact test,IBS_before vs UC_before,0.8675,-0.2051
k__Bacteria;p__Firmicutes;c__Clostridia;o__Clostridiales;f__Ruminococcaceae;__;__,Group,0.0214,0.4566,IBS_before,Wilcoxon rank sum exact test,IBS_before vs UC_before,2.1252,1.0876
k__Bacteria;p__Firmicutes;c__Clostridia;o__Clostridiales;f__Clostridiaceae;g__Clostridium;s__,Group,0.0594,0.4566,IBS_before,Wilcoxon rank sum exact test,IBS_before vs UC_before,2.5017,1.3229
k__Bacteria;p__Firmicutes;c__Clostridia;o__Clostridiales;f__Ruminococcaceae;g__Oscillospira;s__,Group,0.7144,0.9806,IBS_before,Wilcoxon rank sum exact test,IBS_before vs UC_before,1.4342,0.5203
k__Bacteria;p__Firmicutes;c__Clostridia;o__Clostridiales;f__Veillonellaceae;g__Dialister;s__,Group,0.8964,0.9806,IBS_before,Wilcoxon rank sum exact test,IBS_before vs UC_before,1.2453,0.3164
k__Bacteria;p__Actinobacteria;c__Coriobacteriia;o__Coriobacteriales;f__Coriobacteriaceae;g__Eggerthella;s__lenta,Group,0.7949,0.9806,UC_before,Wilcoxon rank sum exact test,IBS_before vs UC_before,0.5381,-0.8941
k__Bacteria;p__Firmicutes;c__Bacilli;o__Lactobacillales;f__Lactobacillaceae;g__Lactobacillus;__,Group,0.5893,0.9755,UC_before,Wilcoxon rank sum exact test,IBS_before vs UC_before,0.1301,-2.9419
k__Bacteria;p__Firmicutes;c__Clostridia;o__Clostridiales;f__Lachnospiraceae;g__Anaerostipes;s__,Group,0.9519,0.9925,IBS_before,Wilcoxon rank sum exact test,IBS_before vs UC_before,1.2463,0.3176
k__Bacteria;p__Proteobacteria;c__Epsilonproteobacteria;o__Campylobacterales;f__Campylobacteraceae;g__Campylobacter;s__,Group,0.5023,0.9426,UC_before,Wilcoxon rank sum exact test,IBS_before vs UC_before,0.1611,-2.6339
k__Bacteria;p__Firmicutes;c__Bacilli;o__Lactobacillales;f__Lactobacillaceae;g__Lactobacillus;s__,Group,0.066,0.4566,UC_before,Wilcoxon rank sum exact test,IBS_before vs UC_before,0.2179,-2.1982
k__Bacteria;p__Firmicutes;c__Bacilli;o__Lactobacillales;f__Lactobacillaceae;g__Lactobacillus;s__helveticus,Group,0.9839,0.9925,UC_before,Wilcoxon rank sum exact test,IBS_before vs UC_before,0.0715,-3.8065
k__Bacteria;p__Firmicutes;c__Bacilli;o__Lactobacillales;f__Carnobacteriaceae;g__Granulicatella;s__,Group,0.8022,0.9806,UC_before,Wilcoxon rank sum exact test,IBS_before vs UC_before,0.7342,-0.4459
k__Bacteria;p__Firmicutes;c__Bacilli;o__Lactobacillales;__;__;__,Group,0.7536,0.9806,UC_before,Wilcoxon rank sum exact test,IBS_before vs UC_before,0.6576,-0.6047
k__Bacteria;p__Firmicutes;c__Bacilli;o__Lactobacillales;f__Enterococcaceae;g__Enterococcus;s__,Group,0.0307,0.4566,UC_before,Wilcoxon rank sum exact test,IBS_before vs UC_before,0.0464,-4.4296
k__Bacteria;p__Firmicutes;c__Bacilli;o__Turicibacterales;f__Turicibacteraceae;g__Turicibacter;s__,Group,0.5386,0.9755,IBS_before,Wilcoxon rank sum exact test,IBS_before vs UC_before,3.1918,1.6744
k__Bacteria;p__Firmicutes;c__Erysipelotrichi;o__Erysipelotrichales;f__Erysipelotrichaceae;g__Bulleidia;s__moorei,Group,0.8587,0.9806,IBS_before,Wilcoxon rank sum exact test,IBS_before vs UC_before,1.0491,0.0691
k__Bacteria;p__Bacteroidetes;c__Bacteroidia;o__Bacteroidales;f__Prevotellaceae;g__Prevotella;s__copri,Group,0.0655,0.4566,IBS_before,Wilcoxon rank sum exact test,IBS_before vs UC_before,5.25,2.3923
k__Bacteria;p__Verrucomicrobia;c__Verrucomicrobiae;o__Verrucomicrobiales;f__Verrucomicrobiaceae;g__Akkermansia;s__muciniphila,Group,0.76,0.9806,IBS_before,Wilcoxon rank sum exact test,IBS_before vs UC_before,1.972,0.9797
k__Bacteria;p__Bacteroidetes;c__Bacteroidia;o__Bacteroidales;f__Bacteroidaceae;g__Bacteroides;s__ovatus,Group,0.9709,0.9925,IBS_before,Wilcoxon rank sum exact test,IBS_before vs UC_before,1.0362,0.0513
k__Bacteria;p__Bacteroidetes;c__Bacteroidia;o__Bacteroidales;f__Rikenellaceae;g__;s__,Group,0.07,0.4566,IBS_before,Wilcoxon rank sum exact test,IBS_before vs UC_before,3.38,1.757
k__Bacteria;p__Bacteroidetes;c__Bacteroidia;o__Bacteroidales;f__Rikenellaceae;g__Alistipes;s__indistinctus,Group,0.024,0.4566,IBS_before,Wilcoxon rank sum exact test,IBS_before vs UC_before,1000,9.9658
k__Bacteria;p__Bacteroidetes;c__Bacteroidia;o__Bacteroidales;f__Prevotellaceae;g__Prevotella;s__,Group,0.0171,0.4566,UC_before,Wilcoxon rank sum exact test,IBS_before vs UC_before,0.0146,-6.0991
k__Bacteria;p__Bacteroidetes;c__Bacteroidia;o__Bacteroidales;f__[Odoribacteraceae];g__Butyricimonas;s__,Group,0.287,0.7248,IBS_before,Wilcoxon rank sum exact test,IBS_before vs UC_before,2.5814,1.3682
k__Bacteria;p__Bacteroidetes;c__Bacteroidia;o__Bacteroidales;f__Bacteroidaceae;g__Bacteroides;s__fragilis,Group,0.6431,0.9806,IBS_before,Wilcoxon rank sum exact test,IBS_before vs UC_before,1.254,0.3265
k__Bacteria;p__Bacteroidetes;c__Bacteroidia;o__Bacteroidales;f__[Paraprevotellaceae];g__CF231;s__,Group,0.5768,0.9755,UC_before,Wilcoxon rank sum exact test,IBS_before vs UC_before,0.534,-0.905
k__Bacteria;p__TM7;c__TM7-3;o__;f__;g__;s__,Group,0.8424,0.9806,IBS_before,Wilcoxon rank sum exact test,IBS_before vs UC_before,1.4252,0.5112
k__Bacteria;p__Actinobacteria;c__Actinobacteria;o__Bifidobacteriales;f__Bifidobacteriaceae;g__Bifidobacterium;__,Group,0.1421,0.5562,UC_before,Wilcoxon rank sum exact test,IBS_before vs UC_before,0.5262,-0.9263
k__Bacteria;p__Firmicutes;c__Clostridia;o__Clostridiales;f__Lachnospiraceae;g__Dorea;s__longicatena,Group,0.625,0.9806,IBS_before,Wilcoxon rank sum exact test,IBS_before vs UC_before,1.2215,0.2887
k__Bacteria;p__Firmicutes;c__Clostridia;o__Clostridiales;f__Lachnospiraceae;g__Lachnospira;s__,Group,0.7306,0.9806,IBS_before,Wilcoxon rank sum exact test,IBS_before vs UC_before,1.1983,0.2609
k__Bacteria;p__Firmicutes;c__Clostridia;o__Clostridiales;f__Ruminococcaceae;g__Faecalibacterium;__,Group,0.2399,0.6505,UC_before,Wilcoxon rank sum exact test,IBS_before vs UC_before,0.5754,-0.7974
k__Bacteria;p__Firmicutes;c__Clostridia;o__Clostridiales;f__Lachnospiraceae;g__[Ruminococcus];s__,Group,0.8521,0.9806,IBS_before,Wilcoxon rank sum exact test,IBS_before vs UC_before,1.1305,0.1769
k__Bacteria;p__Firmicutes;c__Clostridia;o__Clostridiales;f__Lachnospiraceae;g__;s__,Group,0.1272,0.5459,IBS_before,Wilcoxon rank sum exact test,IBS_before vs UC_before,1.7093,0.7734
k__Bacteria;p__Firmicutes;c__Clostridia;o__Clostridiales;f__Lachnospiraceae;g__Roseburia;__,Group,0.9027,0.9806,UC_before,Wilcoxon rank sum exact test,IBS_before vs UC_before,0.6137,-0.7043
k__Bacteria;p__Actinobacteria;c__Actinobacteria;o__Bifidobacteriales;f__Bifidobacteriaceae;g__Bifidobacterium;s__longum,Group,0.093,0.4928,UC_before,Wilcoxon rank sum exact test,IBS_before vs UC_before,0.505,-0.9856
k__Bacteria;p__Actinobacteria;c__Actinobacteria;o__Bifidobacteriales;f__Bifidobacteriaceae;g__Bifidobacterium;s__adolescentis,Group,0.5375,0.9755,UC_before,Wilcoxon rank sum exact test,IBS_before vs UC_before,0.7235,-0.4669
k__Bacteria;p__Firmicutes;c__Clostridia;o__Clostridiales;f__Lachnospiraceae;g__Roseburia;s__,Group,0.804,0.9806,UC_before,Wilcoxon rank sum exact test,IBS_before vs UC_before,0.3622,-1.4652
k__Bacteria;p__Firmicutes;c__Clostridia;o__Clostridiales;f__Clostridiaceae;g__Clostridium;s__butyricum,Group,0.5003,0.9426,IBS_before,Wilcoxon rank sum exact test,IBS_before vs UC_before,1.8194,0.8634
k__Bacteria;p__Firmicutes;c__Clostridia;o__Clostridiales;f__Lachnospiraceae;g__Dorea;s__,Group,0.449,0.9119,UC_before,Wilcoxon rank sum exact test,IBS_before vs UC_before,0.8349,-0.2603
k__Bacteria;p__Proteobacteria;c__Deltaproteobacteria;o__Desulfovibrionales;f__Desulfovibrionaceae;g__Desulfovibrio;s__C21_c20,Group,0.759,0.9806,UC_before,Wilcoxon rank sum exact test,IBS_before vs UC_before,0.8816,-0.1819
k__Bacteria;p__Bacteroidetes;c__Bacteroidia;o__Bacteroidales;f__Rikenellaceae;__;__,Group,0.5755,0.9755,UC_before,Wilcoxon rank sum exact test,IBS_before vs UC_before,0.4941,-1.017
k__Bacteria;p__Proteobacteria;c__Deltaproteobacteria;o__Desulfovibrionales;f__Desulfovibrionaceae;g__Desulfovibrio;s__D168,Group,0.1191,0.5459,IBS_before,Wilcoxon rank sum exact test,IBS_before vs UC_before,24.6453,4.6232
k__Bacteria;p__Proteobacteria;c__Gammaproteobacteria;o__Pasteurellales;f__Pasteurellaceae;g__Haemophilus;s__parainfluenzae,Group,0.2206,0.6505,IBS_before,Wilcoxon rank sum exact test,IBS_before vs UC_before,1.3226,0.4034
k__Bacteria;p__Fusobacteria;c__Fusobacteriia;o__Fusobacteriales;f__Fusobacteriaceae;g__Fusobacterium;s__,Group,0.1017,0.5158,IBS_before,Wilcoxon rank sum exact test,IBS_before vs UC_before,1.7343,0.7944
k__Bacteria;p__Proteobacteria;c__Gammaproteobacteria;o__Pseudomonadales;f__Pseudomonadaceae;g__Pseudomonas;s__viridiflava,Group,0.9091,0.9806,IBS_before,Wilcoxon rank sum exact test,IBS_before vs UC_before,1.0477,0.0672
k__Bacteria;p__Proteobacteria;c__Gammaproteobacteria;o__Pseudomonadales;f__Pseudomonadaceae;g__Pseudomonas;__,Group,0.861,0.9806,IBS_before,Wilcoxon rank sum exact test,IBS_before vs UC_before,1.1339,0.1813
k__Bacteria;p__Firmicutes;c__Clostridia;o__Clostridiales;f__Christensenellaceae;g__;s__,Group,0.1677,0.5784,IBS_before,Wilcoxon rank sum exact test,IBS_before vs UC_before,4.4088,2.1404
k__Bacteria;p__Firmicutes;c__Clostridia;o__Clostridiales;f__Veillonellaceae;g__Veillonella;s__dispar,Group,0.7295,0.9806,UC_before,Wilcoxon rank sum exact test,IBS_before vs UC_before,0.4736,-1.0783
k__Bacteria;p__Firmicutes;c__Clostridia;o__Clostridiales;f__Veillonellaceae;g__Megasphaera;s__,Group,0.9464,0.9925,UC_before,Wilcoxon rank sum exact test,IBS_before vs UC_before,0.942,-0.0861
k__Bacteria;p__Actinobacteria;c__Coriobacteriia;o__Coriobacteriales;f__Coriobacteriaceae;g__Atopobium;s__,Group,0.135,0.5459,UC_before,Wilcoxon rank sum exact test,IBS_before vs UC_before,0.2582,-1.9537
k__Bacteria;p__Proteobacteria;c__Alphaproteobacteria;o__Caulobacterales;f__Caulobacteraceae;g__Brevundimonas;__,Group,0.6008,0.9755,IBS_before,Wilcoxon rank sum exact test,IBS_before vs UC_before,1.2153,0.2814
k__Bacteria;p__Proteobacteria;c__Alphaproteobacteria;o__Caulobacterales;f__Caulobacteraceae;g__;s__,Group,0.178,0.5784,IBS_before,Wilcoxon rank sum exact test,IBS_before vs UC_before,1.2712,0.3462
k__Bacteria;p__Actinobacteria;c__Coriobacteriia;o__Coriobacteriales;f__Coriobacteriaceae;g__Collinsella;s__aerofaciens,Group,0.6858,0.9806,UC_before,Wilcoxon rank sum exact test,IBS_before vs UC_before,0.931,-0.1031
k__Bacteria;p__Cyanobacteria;c__Chloroplast;o__Streptophyta;f__;g__;s__,Group,0.0892,0.4928,IBS_before,Wilcoxon rank sum exact test,IBS_before vs UC_before,4.9484,2.307
k__Bacteria;p__Proteobacteria;c__Betaproteobacteria;o__Burkholderiales;f__Alcaligenaceae;g__Sutterella;s__,Group,0.291,0.7248,UC_before,Wilcoxon rank sum exact test,IBS_before vs UC_before,0.657,-0.6061
k__Bacteria;p__Firmicutes;c__Clostridia;o__Clostridiales;f__Ruminococcaceae;g__Ruminococcus;__,Group,0.6143,0.9786,IBS_before,Wilcoxon rank sum exact test,IBS_before vs UC_before,9.4945,3.2471
k__Bacteria;p__Firmicutes;c__Bacilli;o__Lactobacillales;f__Lactobacillaceae;g__Lactobacillus;s__salivarius,Group,0.7734,0.9806,UC_before,Wilcoxon rank sum exact test,IBS_before vs UC_before,0.1805,-2.4697
k__Bacteria;p__Firmicutes;c__Clostridia;o__Clostridiales;f__Veillonellaceae;g__Veillonella;__,Group,0.8965,0.9806,UC_before,Wilcoxon rank sum exact test,IBS_before vs UC_before,0.6469,-0.6284
k__Bacteria;p__Firmicutes;c__Bacilli;o__Gemellales;f__Gemellaceae;__;__,Group,0.3986,0.8809,UC_before,Wilcoxon rank sum exact test,IBS_before vs UC_before,0.466,-1.1016
k__Bacteria;p__Firmicutes;c__Bacilli;o__Gemellales;f__Gemellaceae;g__;s__,Group,0.854,0.9806,UC_before,Wilcoxon rank sum exact test,IBS_before vs UC_before,0.6973,-0.5202
k__Bacteria;p__Bacteroidetes;c__Bacteroidia;o__Bacteroidales;f__Bacteroidaceae;g__Bacteroides;s__plebeius,Group,0.0745,0.4637,IBS_before,Wilcoxon rank sum exact test,IBS_before vs UC_before,2.4652,1.3017
k__Bacteria;p__Bacteroidetes;c__Bacteroidia;o__Bacteroidales;f__[Odoribacteraceae];g__Odoribacter;s__,Group,0.0698,0.4566,IBS_before,Wilcoxon rank sum exact test,IBS_before vs UC_before,4.2426,2.0849
k__Bacteria;p__Bacteroidetes;c__Bacteroidia;o__Bacteroidales;f__Porphyromonadaceae;g__Parabacteroides;s__,Group,0.0684,0.4566,IBS_before,Wilcoxon rank sum exact test,IBS_before vs UC_before,2.9355,1.5536
k__Bacteria;p__Bacteroidetes;c__Bacteroidia;o__Bacteroidales;f__[Paraprevotellaceae];g__Paraprevotella;s__,Group,0.0194,0.4566,IBS_before,Wilcoxon rank sum exact test,IBS_before vs UC_before,47.808,5.5792
k__Bacteria;p__Firmicutes;c__Clostridia;o__Clostridiales;f__Clostridiaceae;g__Clostridium;s__neonatale,Group,0.3718,0.8351,UC_before,Wilcoxon rank sum exact test,IBS_before vs UC_before,0.2831,-1.8205
k__Bacteria;p__Firmicutes;c__Clostridia;o__Clostridiales;f__Clostridiaceae;g__;s__,Group,0.9452,0.9925,UC_before,Wilcoxon rank sum exact test,IBS_before vs UC_before,0.9473,-0.0781
k__Bacteria;p__Firmicutes;c__Clostridia;o__Clostridiales;f__Lachnospiraceae;g__Blautia;s__producta,Group,0.2569,0.6722,UC_before,Wilcoxon rank sum exact test,IBS_before vs UC_before,0.2397,-2.0608
k__Bacteria;p__Firmicutes;c__Clostridia;o__Clostridiales;f__Lachnospiraceae;g__Coprococcus;s__catus,Group,0.0616,0.4566,UC_before,Wilcoxon rank sum exact test,IBS_before vs UC_before,0.2992,-1.7408
k__Bacteria;p__Firmicutes;c__Clostridia;o__Clostridiales;f__Ruminococcaceae;g__Ruminococcus;s__callidus,Group,0.0535,0.4566,IBS_before,Wilcoxon rank sum exact test,IBS_before vs UC_before,2.4472,1.2911
k__Bacteria;p__Proteobacteria;c__Deltaproteobacteria;o__Desulfovibrionales;f__Desulfovibrionaceae;g__;s__,Group,0.8584,0.9806,UC_before,Wilcoxon rank sum exact test,IBS_before vs UC_before,0.9764,-0.0344
k__Bacteria;p__Proteobacteria;c__Deltaproteobacteria;o__Desulfovibrionales;f__Desulfovibrionaceae;g__Bilophila;s__,Group,0.0592,0.4566,IBS_before,Wilcoxon rank sum exact test,IBS_before vs UC_before,2.4489,1.2921
k__Bacteria;p__Proteobacteria;c__Deltaproteobacteria;o__Desulfovibrionales;f__Desulfovibrionaceae;g__Desulfovibrio;s__,Group,0.2601,0.6722,UC_before,Wilcoxon rank sum exact test,IBS_before vs UC_before,0.5914,-0.7577
k__Bacteria;p__Proteobacteria;c__Alphaproteobacteria;o__Sphingomonadales;f__Sphingomonadaceae;g__Sphingomonas;s__yabuuchiae,Group,0.864,0.9806,IBS_before,Wilcoxon rank sum exact test,IBS_before vs UC_before,1.3542,0.4375
k__Bacteria;p__Firmicutes;c__Clostridia;o__Clostridiales;f__Peptostreptococcaceae;g__;s__,Group,0.3577,0.8351,IBS_before,Wilcoxon rank sum exact test,IBS_before vs UC_before,5.2818,2.401
k__Bacteria;p__Firmicutes;c__Clostridia;o__Clostridiales;f__Ruminococcaceae;g__Ruminococcus;s__bromii,Group,0.0906,0.4928,IBS_before,Wilcoxon rank sum exact test,IBS_before vs UC_before,3.3944,1.7631
k__Bacteria;p__Firmicutes;c__Clostridia;o__Clostridiales;f__Ruminococcaceae;g__Butyricicoccus;s__pullicaecorum,Group,0.233,0.6505,UC_before,Wilcoxon rank sum exact test,IBS_before vs UC_before,0.6003,-0.7362
k__Bacteria;p__Bacteroidetes;c__Bacteroidia;o__Bacteroidales;f__Bacteroidaceae;g__Bacteroides;__,Group,0.2376,0.6505,UC_before,Wilcoxon rank sum exact test,IBS_before vs UC_before,0.6392,-0.6456
k__Bacteria;p__Firmicutes;c__Erysipelotrichi;o__Erysipelotrichales;f__Erysipelotrichaceae;g__[Eubacterium];s__biforme,Group,0.792,0.9806,IBS_before,Wilcoxon rank sum exact test,IBS_before vs UC_before,1.0795,0.1104
k__Bacteria;p__Firmicutes;c__Bacilli;o__Lactobacillales;f__Streptococcaceae;g__Streptococcus;__,Group,0.6052,0.9755,UC_before,Wilcoxon rank sum exact test,IBS_before vs UC_before,0.6083,-0.7171
k__Bacteria;p__Firmicutes;c__Bacilli;o__Lactobacillales;f__Streptococcaceae;g__Streptococcus;s__anginosus,Group,0.7795,0.9806,UC_before,Wilcoxon rank sum exact test,IBS_before vs UC_before,0.8466,-0.2403
k__Bacteria;p__Bacteroidetes;c__Bacteroidia;o__Bacteroidales;f__Bacteroidaceae;g__Bacteroides;s__uniformis,Group,0.9819,0.9925,IBS_before,Wilcoxon rank sum exact test,IBS_before vs UC_before,1.219,0.2856
k__Bacteria;p__Bacteroidetes;c__Bacteroidia;o__Bacteroidales;f__Prevotellaceae;g__Prevotella;s__stercorea,Group,0.1138,0.5459,IBS_before,Wilcoxon rank sum exact test,IBS_before vs UC_before,42.7892,5.4192
k__Bacteria;p__Bacteroidetes;c__Bacteroidia;o__Bacteroidales;f__Bacteroidaceae;g__Bacteroides;s__caccae,Group,0.5733,0.9755,IBS_before,Wilcoxon rank sum exact test,IBS_before vs UC_before,1.1076,0.1475
k__Bacteria;p__Firmicutes;c__Clostridia;o__Clostridiales;f__Lachnospiraceae;g__Dorea;s__formicigenerans,Group,0.9852,0.9925,UC_before,Wilcoxon rank sum exact test,IBS_before vs UC_before,0.9583,-0.0615
k__Bacteria;p__Proteobacteria;c__Gammaproteobacteria;o__Enterobacteriales;f__Enterobacteriaceae;g__Klebsiella;__,Group,0.3686,0.8351,IBS_before,Wilcoxon rank sum exact test,IBS_before vs UC_before,2.1622,1.1125
k__Bacteria;p__Firmicutes;c__Clostridia;o__Clostridiales;f__Lachnospiraceae;g__Blautia;s__obeum,Group,0.5566,0.9755,UC_before,Wilcoxon rank sum exact test,IBS_before vs UC_before,0.6413,-0.6409
k__Bacteria;p__Firmicutes;c__Clostridia;o__Clostridiales;f__Lachnospiraceae;g__[Ruminococcus];s__torques,Group,0.0181,0.4566,IBS_before,Wilcoxon rank sum exact test,IBS_before vs UC_before,7.3049,2.8689
k__Bacteria;p__Firmicutes;c__Clostridia;o__Clostridiales;f__Lachnospiraceae;g__Coprococcus;s__eutactus,Group,0.1811,0.5784,IBS_before,Wilcoxon rank sum exact test,IBS_before vs UC_before,3.7056,1.8897
k__Bacteria;p__Firmicutes;c__Clostridia;o__Clostridiales;f__Clostridiaceae;g__Clostridium;__,Group,0.4591,0.9119,IBS_before,Wilcoxon rank sum exact test,IBS_before vs UC_before,1.5959,0.6744
k__Bacteria;p__Firmicutes;c__Clostridia;o__Clostridiales;f__Lachnospiraceae;g__Clostridium;s__hathewayi,Group,0.997,0.997,IBS_before,Wilcoxon rank sum exact test,IBS_before vs UC_before,1.2684,0.3431
k__Bacteria;p__Proteobacteria;c__Gammaproteobacteria;o__Pseudomonadales;f__Moraxellaceae;g__Acinetobacter;s__rhizosphaerae,Group,0.7712,0.9806,IBS_before,Wilcoxon rank sum exact test,IBS_before vs UC_before,1.0729,0.1015
k__Bacteria;p__Firmicutes;c__Clostridia;o__Clostridiales;f__Veillonellaceae;g__Veillonella;s__,Group,0.121,0.5459,UC_before,Wilcoxon rank sum exact test,IBS_before vs UC_before,0.243,-2.0407
k__Bacteria;p__Firmicutes;c__Clostridia;o__Clostridiales;f__Veillonellaceae;g__Veillonella;s__parvula,Group,0.9066,0.9806,IBS_before,Wilcoxon rank sum exact test,IBS_before vs UC_before,1.0622,0.087
k__Bacteria;p__Proteobacteria;c__Alphaproteobacteria;o__Rhodobacterales;f__Hyphomonadaceae;g__Woodsholea;s__maritima,Group,0.1355,0.5459,UC_before,Wilcoxon rank sum exact test,IBS_before vs UC_before,0.2517,-1.99
k__Bacteria;p__Proteobacteria;c__Betaproteobacteria;o__Burkholderiales;f__Comamonadaceae;g__Hydrogenophaga;s__palleronii,Group,0.2422,0.6505,IBS_before,Wilcoxon rank sum exact test,IBS_before vs UC_before,1.7088,0.7729
k__Bacteria;p__Bacteroidetes;c__[Saprospirae];o__[Saprospirales];f__Chitinophagaceae;g__;s__,Group,0.7412,0.9806,IBS_before,Wilcoxon rank sum exact test,IBS_before vs UC_before,1.4155,0.5013
k__Bacteria;p__Bacteroidetes;c__Bacteroidia;o__Bacteroidales;f__Rikenellaceae;g__Alistipes;s__putredinis,Group,0.3231,0.7766,IBS_before,Wilcoxon rank sum exact test,IBS_before vs UC_before,2.2226,1.1522
k__Bacteria;p__Firmicutes;c__Clostridia;o__Clostridiales;f__Peptostreptococcaceae;__;__,Group,0.4259,0.8976,IBS_before,Wilcoxon rank sum exact test,IBS_before vs UC_before,3.0525,1.61
k__Bacteria;p__Firmicutes;c__Clostridia;o__Clostridiales;f__Lachnospiraceae;g__Clostridium;s__citroniae,Group,0.9052,0.9806,IBS_before,Wilcoxon rank sum exact test,IBS_before vs UC_before,1.0115,0.0165
k__Bacteria;p__Actinobacteria;c__Actinobacteria;o__Bifidobacteriales;f__Bifidobacteriaceae;g__Bifidobacterium;s__breve,Group,0.2059,0.641,UC_before,Wilcoxon rank sum exact test,IBS_before vs UC_before,0.908,-0.1393
k__Bacteria;p__Actinobacteria;c__Actinobacteria;o__Bifidobacteriales;f__Bifidobacteriaceae;g__Bifidobacterium;s__bifidum,Group,0.7749,0.9806,UC_before,Wilcoxon rank sum exact test,IBS_before vs UC_before,0.6974,-0.52
k__Bacteria;p__Firmicutes;c__Clostridia;o__Clostridiales;f__Lachnospiraceae;g__Clostridium;s__colinum,Group,0.0566,0.4566,IBS_before,Wilcoxon rank sum exact test,IBS_before vs UC_before,4.0702,2.0251
k__Bacteria;p__Firmicutes;c__Clostridia;o__Clostridiales;f__Clostridiaceae;g__Clostridium;s__perfringens,Group,0.4125,0.8938,UC_before,Wilcoxon rank sum exact test,IBS_before vs UC_before,0.3559,-1.4903
k__Bacteria;p__Proteobacteria;c__Alphaproteobacteria;o__Rhizobiales;__;__;__,Group,0.7982,0.9806,IBS_before,Wilcoxon rank sum exact test,IBS_before vs UC_before,1.3605,0.4441
k__Bacteria;p__Proteobacteria;c__Alphaproteobacteria;o__Caulobacterales;f__Caulobacteraceae;g__Caulobacter;s__,Group,0.6416,0.9806,IBS_before,Wilcoxon rank sum exact test,IBS_before vs UC_before,1.4321,0.5181
k__Bacteria;p__Proteobacteria;c__Alphaproteobacteria;o__Rhizobiales;f__Rhizobiaceae;g__Agrobacterium;s__,Group,0.0935,0.4928,IBS_before,Wilcoxon rank sum exact test,IBS_before vs UC_before,6.0668,2.6009
k__Bacteria;p__Proteobacteria;c__Betaproteobacteria;o__Rhodocyclales;f__Rhodocyclaceae;g__Methyloversatilis;s__,Group,0.897,0.9806,UC_before,Wilcoxon rank sum exact test,IBS_before vs UC_before,0.8904,-0.1676